start_date,end_date,progress_pct,duration_seconds,finished,recorded_date,response_id,distribution_channel,user_language,recaptcha_score,recaptcha_status,recaptcha_error,scarletwell_awareness,visit_frequency,sense_of_connection,met_new_people,welcoming_engaging_text,layout_encourages_interaction,seating_preference,seating_other_text,reflection_recharge_helpful,table_activity_preference,activity_other_text,talk_to_someone_new_text,wellness_resource_awareness,wellness_info_channel,campus_services_text,is_complete,answered_core_count,regular_visitor_flag,visit_frequency_group,connection_positive_flag,layout_positive_flag,wellness_awareness_positive_flag,mentions_seating_capacity,mentions_events_programming,mentions_food_samples,mentions_quiet_reflection,mentions_caps_health,mentions_art_creative
2026-04-02 10:09:10,2026-04-02 10:11:44,100,154,True,2026-04-02 10:11:44,R_3Is0X54MmLLqYi2,anonymous,EN,1,complete,,No,1-2 times/week,Neutral,"Not yet, but I would like to",additionally comfortable seating,Neutral,Lounge seating,,Yes,Trivia or theme days,,The above activities,Agree,Digital screens,any,TRUE,10,TRUE,Regular weekly visitor,FALSE,FALSE,TRUE,TRUE,TRUE,FALSE,FALSE,FALSE,FALSE
2026-04-02 10:10:50,2026-04-02 10:12:35,100,104,True,2026-04-02 10:12:36,R_332WRbJQ1TFjLnm,anonymous,EN,1,complete,,Yes,1-2 times/week,Strongly agree,"Not yet, but I would like to",Definitely more seating!! I can never find a table :(,Strongly agree,Shared long tables,,Yes,Resource bingo,,ScarletArtsRX collabs! I always meet new people there :),Strongly agree,Events,"As I mentioned previously definitely ScarletArtsRX, they have great resources!",TRUE,10,TRUE,Regular weekly visitor,TRUE,TRUE,TRUE,TRUE,FALSE,FALSE,FALSE,FALSE,TRUE
2026-04-02 10:13:09,2026-04-02 10:14:21,100,71,True,2026-04-02 10:14:22,R_3ZHMETrPosExe63,anonymous,EN,0.8999999761581421,complete,,Yes,1-2 times/week,Strongly agree,"Not yet, but I would like to",Free sample,Disagree,Shared long tables,,Yes,Trivia or theme days,,,Strongly agree,Table cards,,TRUE,10,TRUE,Regular weekly visitor,TRUE,FALSE,TRUE,FALSE,FALSE,TRUE,FALSE,FALSE,FALSE
2026-04-02 10:15:46,2026-04-02 10:18:13,100,146,True,2026-04-02 10:18:13,R_3OyyY01d2dktNBv,anonymous,EN,1,complete,,Not sure,Occasionally,Agree,"Not yet, but I would like to",expanded indoor seating area and more chairs and tables all around the building,Neutral,Mixed options,,Yes,Daily/weekly challenges,,not too sure,Neutral,QR codes,various clubs or tables that talk about things related to environment or health sciences,TRUE,10,FALSE,Occasional visitor,TRUE,FALSE,FALSE,TRUE,FALSE,FALSE,FALSE,TRUE,FALSE
2026-04-02 10:17:05,2026-04-02 10:20:06,100,181,True,2026-04-02 10:20:07,R_6zP1B5k4zNomnrX,anonymous,EN,1,complete,,No,Daily,Strongly agree,No,MORE TABLES! MORE SEATING! IT'S SO HARD TO FIND A TABLE DURING PEAK HOURS!,Disagree,Shared long tables,,No,Trivia or theme days,,I'm really not sure.,Strongly agree,Table cards,I'm not sure.,TRUE,10,TRUE,Regular weekly visitor,TRUE,FALSE,TRUE,TRUE,FALSE,FALSE,FALSE,FALSE,FALSE
2026-04-02 10:17:02,2026-04-02 10:20:28,100,205,True,2026-04-02 10:20:28,R_7fpqNGIMMpcCzU5,anonymous,EN,1,complete,,Yes,Daily,Agree,Yes,More seats please!,Neutral,Shared long tables,,Yes,Trivia or theme days,,I want to share a table with them.,Agree,Table cards,CAPS programs!,TRUE,10,TRUE,Regular weekly visitor,TRUE,FALSE,TRUE,TRUE,TRUE,FALSE,FALSE,TRUE,FALSE
2026-04-02 10:18:23,2026-04-02 10:21:14,100,170,True,2026-04-02 10:21:15,R_793oArTASF6vURj,anonymous,EN,1,complete,,No,3-4 times/week,Strongly disagree,No,Let underage kids in the gym with a sign that says play at your own risk,Neutral,Mixed options,,Not sure,Trivia or theme days,,Let underage kids in the gym with a sign that says play at your own risk,Neutral,Digital screens,Let underage kids play at the gym with a sign that says play at your own risk,TRUE,10,TRUE,Regular weekly visitor,FALSE,FALSE,FALSE,FALSE,FALSE,FALSE,FALSE,FALSE,FALSE
2026-04-02 10:19:10,2026-04-02 10:21:22,100,131,True,2026-04-02 10:21:22,R_5ML32XvpLxuA8W2,anonymous,EN,0.8999999761581421,complete,,No,1-2 times/week,Neutral,No,"A dozen or so more tables, as the current capacity is often full, meaning people need to wait to find a place to sit",Neutral,Round tables,,Not sure,None,,,Agree,QR codes,,TRUE,10,TRUE,Regular weekly visitor,FALSE,FALSE,TRUE,TRUE,FALSE,FALSE,FALSE,FALSE,FALSE
2026-04-02 10:18:43,2026-04-02 10:21:22,100,159,True,2026-04-02 10:21:22,R_7enJ5DV8KJybJG9,anonymous,EN,1,complete,,No,1-2 times/week,Neutral,No,,Agree,Mixed options,,Not sure,Conversation prompts,,,Neutral,Table cards,,TRUE,10,TRUE,Regular weekly visitor,FALSE,TRUE,FALSE,FALSE,FALSE,FALSE,FALSE,FALSE,FALSE
2026-04-02 10:23:39,2026-04-02 10:26:31,100,171,True,2026-04-02 10:26:31,R_30pl6EEuSRYZ4wQ,anonymous,EN,1,complete,,No,Daily,Agree,Yes,,Neutral,Round tables,,Not sure,Daily/weekly challenges,,,Neutral,Table cards,,TRUE,10,TRUE,Regular weekly visitor,TRUE,FALSE,FALSE,FALSE,FALSE,FALSE,FALSE,FALSE,FALSE
2026-04-02 11:11:59,2026-04-02 11:12:55,100,55,True,2026-04-02 11:12:55,R_62ezHvyoeQcPXqN,anonymous,EN,1,complete,,Yes,1-2 times/week,Agree,"Not yet, but I would like to",Free samples of the very yummy food…,Agree,Mixed options,,Not sure,Trivia or theme days,,,Agree,Table cards,,TRUE,10,TRUE,Regular weekly visitor,TRUE,TRUE,TRUE,FALSE,FALSE,TRUE,FALSE,FALSE,FALSE
2026-04-02 11:12:09,2026-04-02 11:17:16,100,307,True,2026-04-02 11:17:17,R_3u3lDsdlenpKKU9,anonymous,EN,1,complete,,Yes,1-2 times/week,Agree,No,More tables to converse with friends and free samples!,Agree,Mixed options,,Yes,Daily/weekly challenges,,,Strongly agree,QR codes,,TRUE,10,TRUE,Regular weekly visitor,TRUE,TRUE,TRUE,TRUE,FALSE,TRUE,FALSE,FALSE,FALSE
2026-04-02 13:02:02,2026-04-02 13:05:01,100,178,True,2026-04-02 13:05:01,R_5lmhemGGWXN1UdX,anonymous,EN,1,complete,,Yes,1-2 times/week,Agree,No,more seating please,Disagree,Shared long tables,,Yes,None,,more seating please,Agree,Events,more seating please,TRUE,10,TRUE,Regular weekly visitor,TRUE,FALSE,TRUE,TRUE,FALSE,FALSE,FALSE,FALSE,FALSE
2026-04-03 08:02:07,2026-04-03 08:08:41,100,394,True,2026-04-03 08:08:41,R_63Cphj3GrDhGF0J,anonymous,EN,1,complete,,No,1-2 times/week,Agree,Yes,More seating on the upper floor would be nice.,Neutral,Mixed options,,Yes,Other:,"Challenges, theme days, creative prompts (not able to select multiple options)",Maybe an event where you get free coffee if you talk to someone new and learn something about them,Neutral,QR codes,Events on Cook/Doug,TRUE,10,TRUE,Regular weekly visitor,TRUE,FALSE,FALSE,TRUE,TRUE,TRUE,FALSE,FALSE,TRUE
2026-04-03 08:46:56,2026-04-03 08:48:18,100,82,True,2026-04-03 08:48:19,R_5c5jj34FsilCWhb,anonymous,EN,1,complete,,Yes,1-2 times/week,Agree,"Not yet, but I would like to",Ummmm idk maybe like staff bios posted somewhere,Agree,Mixed options,,Yes,Trivia or theme days,,Same major,Agree,Peer ambassadors,Pet therapy,TRUE,10,TRUE,Regular weekly visitor,TRUE,TRUE,TRUE,FALSE,FALSE,FALSE,FALSE,FALSE,FALSE
2026-04-03 10:19:10,2026-04-03 10:59:24,100,2414,True,2026-04-03 10:59:25,R_74HtTMhb1fyJgS1,anonymous,EN,1,complete,,Yes,Occasionally,Strongly agree,Yes,"I would love if you brought back the live music occasionally, but I understand that seating is tight.",Agree,Other:,"No long tables, fees too much like high school. I like how it is now. I’ve had a couple students ask to sit with me when seating was limited. I would like to see more individual and double seating since a lot of students take up an entire 4 seat table the self.",Not sure,Trivia or theme days,,"I’m staff and the majority of patrons are students. Although I’m not much older than them, it would be difficult to talk to someone new. Unfortunately a lot of students are too phone centric and it makes it hard to make friends. Themed tables might be cute (pop culture, anime, etc), but since seating is tight during rush hour, it would be hard to sit at tables of interest.",Agree,Events,A bit of everything. But honestly I wouldn’t mind faculty/staff highlights. Students tend to complain and they really don’t understand how complicated it is to run a community like Rutgers. It would be nice to occasionally highlight the hard work of faculty/staff.,TRUE,10,FALSE,Occasional visitor,TRUE,TRUE,TRUE,TRUE,TRUE,FALSE,FALSE,FALSE,FALSE
2026-04-03 11:12:12,2026-04-03 11:15:36,100,203,True,2026-04-03 11:15:37,R_1wfrZpnUIfrOqZz,anonymous,EN,1,complete,,Not sure,3-4 times/week,Strongly agree,Yes,I love that Harvest is getting the popularity it deserves!!! But I wish there were more seating areas since sometimes it is difficult to find a seat. Thanks for all that you guys do!,Agree,Mixed options,,Yes,Other:,All of the above,Probably only if it was through an event or if the person was sitting alone and also open to talking to someone new,Agree,Events,"I really enjoyed the Wellness Through Clay events here, so probably events similar to that.",TRUE,10,TRUE,Regular weekly visitor,TRUE,TRUE,TRUE,TRUE,TRUE,TRUE,FALSE,TRUE,TRUE
2026-04-03 11:18:55,2026-04-03 11:19:58,100,62,True,2026-04-03 11:19:58,R_77Rw3RBYzEAasPn,anonymous,EN,1,complete,,Not sure,Occasionally,Neutral,"Not yet, but I would like to",,Agree,Mixed options,,Yes,Creative prompts,,,Disagree,Table cards,,TRUE,10,FALSE,Occasional visitor,FALSE,TRUE,FALSE,FALSE,FALSE,FALSE,FALSE,FALSE,FALSE
2026-04-03 11:23:52,2026-04-03 11:26:15,100,143,True,2026-04-03 11:26:15,R_541wYbmjhEVJ3F3,anonymous,EN,1,complete,,Not sure,3-4 times/week,Agree,"Not yet, but I would like to",more seating,Neutral,Mixed options,,Not sure,Other:,"The select all that apply is broken for me, so I'd say conversation and creative prompts.",,Neutral,Events,,TRUE,10,TRUE,Regular weekly visitor,TRUE,FALSE,FALSE,TRUE,FALSE,FALSE,FALSE,FALSE,TRUE
2026-04-06 09:34:14,2026-04-06 09:46:29,100,735,True,2026-04-06 09:46:29,R_5IQUYWFbX4Roj8D,anonymous,EN,1,complete,,Not sure,Daily,Neutral,Yes,longer tables,Agree,Shared long tables,,Yes,Daily/weekly challenges,,"sharing a table, working on similar activities",Agree,Table cards,nutrition workshops,TRUE,10,TRUE,Regular weekly visitor,FALSE,TRUE,TRUE,TRUE,TRUE,TRUE,FALSE,FALSE,FALSE
2026-04-06 09:47:02,2026-04-06 09:48:27,100,85,True,2026-04-06 09:48:27,R_7jeM9qVvWif1CRG,anonymous,EN,1,complete,,Yes,3-4 times/week,Strongly agree,Yes,More tables and chairs!!,Agree,Mixed options,,Not sure,Creative prompts,,The food.,Agree,Table cards,Health centers and CAPS,TRUE,10,TRUE,Regular weekly visitor,TRUE,TRUE,TRUE,TRUE,FALSE,TRUE,FALSE,TRUE,FALSE
2026-04-06 10:15:42,2026-04-06 10:19:55,100,253,True,2026-04-06 10:19:55,R_35MzJKJlGKePk4d,anonymous,EN,1,complete,,Not sure,Daily,Neutral,"Not yet, but I would like to",More seats,Disagree,Mixed options,,Yes,Trivia or theme days,,Events,Agree,QR codes,Not sure. Whatever is available!,TRUE,10,TRUE,Regular weekly visitor,FALSE,FALSE,TRUE,TRUE,TRUE,FALSE,FALSE,FALSE,FALSE
2026-04-06 10:51:26,2026-04-06 10:53:56,100,149,True,2026-04-06 10:53:57,R_507Wzc01hmc1KzI,anonymous,EN,1,complete,,No,1-2 times/week,Agree,Yes,More seating,Agree,Mixed options,,Yes,Trivia or theme days,,If there was a set long table for single people,Disagree,Digital screens,Idk what they r,TRUE,10,TRUE,Regular weekly visitor,TRUE,TRUE,FALSE,TRUE,FALSE,FALSE,FALSE,FALSE,FALSE
2026-04-06 10:51:19,2026-04-06 10:55:46,100,267,True,2026-04-06 10:55:46,R_5Xps84ecKFO7MsS,anonymous,EN,1,complete,,No,Occasionally,Neutral,Yes,"More seating, a clear sign of how to order before you walk in. What counts as a meal swipe vs breakfast before you enter so u can get an idea of what you want.",Agree,Lounge seating,,Not sure,Resource bingo,,,Neutral,Table cards,,TRUE,10,FALSE,Occasional visitor,FALSE,TRUE,FALSE,TRUE,FALSE,FALSE,FALSE,FALSE,FALSE
2026-04-09 09:40:33,2026-04-09 09:42:47,100,134,True,2026-04-09 09:42:47,R_5DihnDRtk4Aeftd,anonymous,EN,1,complete,,No,1-2 times/week,Agree,Yes,,Agree,Shared long tables,,Yes,Resource bingo,,Prompts about interests,Disagree,QR codes,Farm resources for living on campus,TRUE,10,TRUE,Regular weekly visitor,TRUE,TRUE,FALSE,FALSE,FALSE,FALSE,FALSE,FALSE,FALSE
2026-04-02 10:11:32,2026-04-02 10:12:16,43,44,False,2026-04-09 10:12:18,R_5vnooFtZVqtDbKF,anonymous,EN,1,complete,,No,Occasionally,Agree,No,more seating,,,,,,,,,,,FALSE,4,FALSE,Occasional visitor,TRUE,,,TRUE,FALSE,FALSE,FALSE,FALSE,FALSE
2026-04-02 10:13:36,2026-04-02 10:14:21,64,44,False,2026-04-09 10:14:24,R_1r39Kng0ZS36ssZ,anonymous,EN,1,complete,,Yes,Occasionally,Strongly agree,Yes,More seating,Agree,Mixed options,,No,,,,,,,FALSE,7,FALSE,Occasional visitor,TRUE,TRUE,,TRUE,FALSE,FALSE,FALSE,FALSE,FALSE
2026-04-09 10:20:32,2026-04-09 10:23:22,100,170,True,2026-04-09 10:23:23,R_7oyfKGrGlncxYmR,anonymous,EN,1,complete,,Yes,3-4 times/week,Agree,Yes,Defintley better seating options can allow people to better connect with others !,Neutral,Other:,"I think having more tables, last year there was more tables even in the area where there is now only benches and chairs, I think tables here would be better because many people struggle to find seats and harvest can’t accommodate all. It’s sad seeing people sitting on the floor just to eat.",No,Resource bingo,,Having engaging activities,Agree,Digital screens,Clubs and activities,TRUE,10,TRUE,Regular weekly visitor,TRUE,FALSE,TRUE,TRUE,TRUE,TRUE,FALSE,FALSE,FALSE
2026-04-09 12:14:03,2026-04-09 12:15:20,100,76,True,2026-04-09 12:15:20,R_3qfhYgS2VmwVeOY,anonymous,EN,1,complete,,No,3-4 times/week,Agree,Yes,More seating!!!,Neutral,Mixed options,,No,None,,,Disagree,Table cards,,TRUE,10,TRUE,Regular weekly visitor,TRUE,FALSE,FALSE,TRUE,FALSE,FALSE,FALSE,FALSE,FALSE
2026-04-10 10:14:54,2026-04-10 10:16:57,100,123,True,2026-04-10 10:16:58,R_5ebpTaXuMvaGagX,anonymous,EN,1,complete,,Yes,1-2 times/week,Strongly agree,"Not yet, but I would like to",,Strongly agree,Round tables,,Yes,Resource bingo,,,Strongly agree,Events,,TRUE,10,TRUE,Regular weekly visitor,TRUE,TRUE,TRUE,FALSE,FALSE,FALSE,FALSE,FALSE,FALSE
2026-04-10 10:16:56,2026-04-10 10:17:55,100,59,True,2026-04-10 10:17:55,R_7R2L1au2VkLv0vT,anonymous,EN,1,complete,,Yes,1-2 times/week,Strongly agree,Yes,Nothing it’s awesome,Strongly agree,Round tables,,Not sure,Conversation prompts,,N/a,Strongly agree,Table cards,Na,TRUE,10,TRUE,Regular weekly visitor,TRUE,TRUE,TRUE,FALSE,FALSE,FALSE,FALSE,FALSE,FALSE
2026-04-10 10:15:09,2026-04-10 10:18:13,100,184,True,2026-04-10 10:18:14,R_1e3nwtn67VaPmCB,anonymous,EN,1,complete,,Not sure,1-2 times/week,Agree,Yes,"More seating would be lovely, but it’s really nice right now :)",Agree,Mixed options,,Yes,Trivia or theme days,,Not sure,Agree,QR codes,"Basic needs center information, bingo, art activities",TRUE,10,TRUE,Regular weekly visitor,TRUE,TRUE,TRUE,TRUE,TRUE,FALSE,FALSE,TRUE,TRUE
2026-04-10 10:16:08,2026-04-10 10:19:31,100,203,True,2026-04-10 10:19:32,R_5wa8Q0mC0wypYLG,anonymous,EN,1,complete,,No,1-2 times/week,Neutral,"Not yet, but I would like to","I'm not here very often, so I don't have any input",Disagree,Round tables,,No,Conversation prompts,,"I also liked the daily/weekly challenges and trivia days options, I think table top activities could facilitate more interaction/conversation.",Agree,QR codes,I'm not sure,TRUE,10,TRUE,Regular weekly visitor,FALSE,FALSE,TRUE,TRUE,TRUE,FALSE,FALSE,FALSE,FALSE
2026-04-10 10:17:22,2026-04-10 10:21:59,100,277,True,2026-04-10 10:21:59,R_1lJP1QB4yvbUEdQ,anonymous,EN,1,complete,,Yes,1-2 times/week,Agree,"Not yet, but I would like to",More events,Neutral,Round tables,,Yes,Resource bingo,,Events,Agree,Events,,TRUE,10,TRUE,Regular weekly visitor,TRUE,FALSE,TRUE,FALSE,TRUE,FALSE,FALSE,FALSE,FALSE
2026-04-10 10:18:03,2026-04-10 10:22:21,100,258,True,2026-04-10 10:22:21,R_7MQnt9Xc5zZFCby,anonymous,EN,1,complete,,No,3-4 times/week,Disagree,Yes,More seating.,Neutral,Other:,"Nothing would do that. People need to actively change the culture, seating is not going to do that.",Not sure,None,,A little sign on the table that you could flip around to indicate visually to other people that you’re welcome to strangers sitting in the empty seats at your table. Or a sign indicating whether you’re welcome to spontaneous conversation or not.,Strongly disagree,Events,Printers.,TRUE,10,TRUE,Regular weekly visitor,FALSE,FALSE,FALSE,TRUE,FALSE,FALSE,FALSE,FALSE,FALSE
2026-04-10 10:15:36,2026-04-10 10:24:02,100,505,True,2026-04-10 10:24:02,R_6vASRIW6kIiQKR3,anonymous,EN,1,complete,,Not sure,1-2 times/week,Agree,Yes,more seating!,Agree,Mixed options,,Yes,Trivia or theme days,,if they’re looking at the same thing i’m looking at—if they have smth on that i’m interested in,Neutral,Table cards,,TRUE,10,TRUE,Regular weekly visitor,TRUE,TRUE,FALSE,TRUE,FALSE,FALSE,FALSE,FALSE,FALSE
2026-04-10 10:30:09,2026-04-10 10:32:04,100,114,True,2026-04-10 10:32:04,R_1k0HiibsAm3SEkF,anonymous,EN,1,complete,,Yes,Occasionally,Strongly agree,"Not yet, but I would like to",,Neutral,Mixed options,,Not sure,Conversation prompts,,,Agree,Table cards,,TRUE,10,FALSE,Occasional visitor,TRUE,FALSE,TRUE,FALSE,FALSE,FALSE,FALSE,FALSE,FALSE
2026-04-10 10:30:17,2026-04-10 10:32:19,100,122,True,2026-04-10 10:32:19,R_5iPeLXTeoH8LDl7,anonymous,EN,1,complete,,Not sure,1-2 times/week,Agree,"Not yet, but I would like to",more seating,Neutral,Mixed options,,Not sure,Creative prompts,,they seem cool,Agree,Table cards,coloring books for mental health,TRUE,10,TRUE,Regular weekly visitor,TRUE,FALSE,TRUE,TRUE,FALSE,FALSE,FALSE,TRUE,FALSE
2026-04-10 10:30:45,2026-04-10 10:32:27,100,102,True,2026-04-10 10:32:27,R_5dFaB8m3lHseU76,anonymous,EN,1,complete,,Yes,1-2 times/week,Neutral,Yes,Slightly more heat in this building because it’s often chilly even in the winter times,Agree,Mixed options,,Not sure,Resource bingo,,Having to share a table,Agree,QR codes,,TRUE,10,TRUE,Regular weekly visitor,FALSE,TRUE,TRUE,TRUE,FALSE,FALSE,FALSE,FALSE,FALSE
2026-04-10 10:30:37,2026-04-10 10:33:13,100,156,True,2026-04-10 10:33:13,R_7aKXNnsFVlvU7Tm,anonymous,EN,1,complete,,Yes,3-4 times/week,Agree,No,bring back the loaded potato gnocchi.,Agree,Mixed options,,Not sure,Trivia or theme days,,loaded potato gnocchi,Agree,Events,,TRUE,10,TRUE,Regular weekly visitor,TRUE,TRUE,TRUE,FALSE,FALSE,FALSE,FALSE,FALSE,FALSE
2026-04-10 10:32:58,2026-04-10 10:34:58,100,119,True,2026-04-10 10:34:58,R_6EgKdCguAGn3NrH,anonymous,EN,1,complete,,No,1-2 times/week,Neutral,No,I fell less anxious and the lot of natural life made be feel good,Strongly agree,Shared long tables,,Yes,Creative prompts,,"Anything culture, history politics",Agree,Events,,TRUE,10,TRUE,Regular weekly visitor,FALSE,TRUE,TRUE,FALSE,FALSE,FALSE,FALSE,FALSE,FALSE
2026-04-10 10:30:17,2026-04-10 10:35:32,100,315,True,2026-04-10 10:35:33,R_3XhW1xnghvufVev,anonymous,EN,1,complete,,No,Daily,Strongly agree,Yes,If it was not constantly freezing in this building,Disagree,Shared long tables,,No,Other:,All of the above,If there was a way to designate whether or not someone is welcome to sit with you if there are seats at a table. I feel awkward intruding on people!,Agree,Table cards,Rec center classes!!,TRUE,10,TRUE,Regular weekly visitor,TRUE,FALSE,TRUE,TRUE,FALSE,FALSE,FALSE,FALSE,FALSE
2026-04-10 10:37:36,2026-04-10 10:42:31,100,295,True,2026-04-10 10:42:32,R_7X6bK8Ubld5K1kh,anonymous,EN,1,complete,,,1-2 times/week,Strongly agree,"Not yet, but I would like to","Maybe a bit more seating to visit and chat with my friends on the bottom floor (especially during lunch times) and maybe think about extending the operation times for harvest. It doesn’t have to be too long, but there are times where I would love a meal from harvest past 2pm as Harvest provides some of the most nutritious, delicious and culturally diverse foods here",Neutral,Round tables,,Yes,Daily/weekly challenges,,,Agree,Table cards,Fresh food access initiatives or even food/donation drives,TRUE,9,TRUE,Regular weekly visitor,TRUE,FALSE,TRUE,TRUE,FALSE,TRUE,FALSE,FALSE,FALSE
2026-04-10 11:58:13,2026-04-10 12:14:56,100,1002,True,2026-04-10 12:14:57,R_62SzyuvS3BVxp29,anonymous,EN,1,complete,,No,1-2 times/week,Neutral,"Not yet, but I would like to","Not sure, but it seems that a large part of the people, including me, come alone just for the great food.",Neutral,Mixed options,,Not sure,Resource bingo,,Maybe some sort of incentive,Neutral,,Something about healthy eating,TRUE,9,TRUE,Regular weekly visitor,FALSE,FALSE,FALSE,FALSE,FALSE,TRUE,FALSE,TRUE,TRUE
2026-04-06 08:03:06,2026-04-06 08:03:44,43,37,False,2026-04-13 08:03:45,R_6ylpXKzkpmQbywZ,anonymous,EN,1,complete,,Yes,3-4 times/week,Agree,"Not yet, but I would like to",,,,,,,,,,,,FALSE,4,TRUE,Regular weekly visitor,TRUE,,,FALSE,FALSE,FALSE,FALSE,FALSE,FALSE
2026-04-07 09:22:59,2026-04-07 09:25:28,79,148,False,2026-04-14 09:25:30,R_7UKokRhIoMYTPvX,anonymous,EN,1,complete,,No,1-2 times/week,Strongly agree,Yes,More tables,Agree,Mixed options,,No,None,,,,,,FALSE,8,TRUE,Regular weekly visitor,TRUE,TRUE,,TRUE,FALSE,FALSE,FALSE,FALSE,FALSE
2026-04-07 11:51:37,2026-04-07 12:01:06,43,568,False,2026-04-14 12:01:13,R_6lRmughSl5VRDih,anonymous,EN,1,complete,,Yes,1-2 times/week,Neutral,Yes,,,,,,,,,,,,FALSE,4,TRUE,Regular weekly visitor,FALSE,,,FALSE,FALSE,FALSE,FALSE,FALSE,FALSE
2026-04-08 09:25:51,2026-04-08 09:26:38,43,47,False,2026-04-15 09:26:40,R_7aEAEfZWOY3Jwyd,anonymous,EN,1,complete,,No,1-2 times/week,Neutral,Yes,More spaces to sit,,,,,,,,,,,FALSE,4,TRUE,Regular weekly visitor,FALSE,,,TRUE,FALSE,FALSE,FALSE,FALSE,FALSE
2026-04-16 09:42:17,2026-04-16 09:43:51,100,93,True,2026-04-16 09:43:51,R_7wgI7v8Dgq2czDF,anonymous,EN,1,complete,,Yes,1-2 times/week,Strongly agree,"Not yet, but I would like to",More seating & community building activities,Agree,Mixed options,,No,Resource bingo,,Structured events,Strongly agree,Events,"Cooking events, food sampling, career events",TRUE,10,TRUE,Regular weekly visitor,TRUE,TRUE,TRUE,TRUE,TRUE,TRUE,FALSE,FALSE,FALSE
2026-04-16 09:54:39,2026-04-16 09:56:20,100,101,True,2026-04-16 09:56:21,R_1Hns71Gsi5Ahvy9,anonymous,EN,1,complete,,Yes,1-2 times/week,Agree,"Not yet, but I would like to",,Agree,Mixed options,,Yes,Daily/weekly challenges,,,Agree,Table cards,,TRUE,10,TRUE,Regular weekly visitor,TRUE,TRUE,TRUE,FALSE,FALSE,FALSE,FALSE,FALSE,FALSE
2026-04-16 09:48:39,2026-04-16 09:58:46,100,606,True,2026-04-16 09:58:47,R_6o9fvv37XKMccOB,anonymous,EN,1,complete,,No,3-4 times/week,Agree,No,,Agree,Mixed options,,Yes,Trivia or theme days,,,Agree,Table cards,"caps, wellness events",TRUE,10,TRUE,Regular weekly visitor,TRUE,TRUE,TRUE,FALSE,TRUE,FALSE,FALSE,TRUE,FALSE
2026-04-16 10:49:43,2026-04-16 10:52:55,100,192,True,2026-04-16 10:52:56,R_6Ev1Dkbu14x1kzO,anonymous,EN,1,complete,,No,Occasionally,Neutral,No,get rid of legume fritters,Strongly disagree,Round tables,,No,Creative prompts,,If you got rid of the legume fritters it would make my mood better to talk to people,Agree,Table cards,Services that get rid of legume fritters,TRUE,10,FALSE,Occasional visitor,FALSE,FALSE,TRUE,FALSE,FALSE,FALSE,FALSE,FALSE,FALSE
2026-04-16 11:05:37,2026-04-16 11:06:55,100,78,True,2026-04-16 11:06:56,R_3uZMTqQ9pFzaoGz,anonymous,EN,1,complete,,No,1-2 times/week,Agree,No,,Strongly agree,Round tables,,Not sure,Trivia or theme days,,Trivia would be super cool,Disagree,Digital screens,,TRUE,10,TRUE,Regular weekly visitor,TRUE,TRUE,FALSE,FALSE,TRUE,FALSE,FALSE,FALSE,FALSE
2026-04-09 11:49:11,2026-04-09 12:05:14,79,962,False,2026-04-16 12:05:15,R_3wSPCf7GDsQYomZ,anonymous,EN,,error,timeout,Yes,Daily,Agree,Yes,Not enough Seating,Agree,Mixed options,,Yes,Trivia or theme days,,,,,,FALSE,8,TRUE,Regular weekly visitor,TRUE,TRUE,,TRUE,FALSE,FALSE,FALSE,FALSE,FALSE
2026-04-16 12:09:13,2026-04-16 12:10:03,100,49,True,2026-04-16 12:10:03,R_1j7ijjZCQsoNEtX,anonymous,EN,1,complete,,Yes,1-2 times/week,Neutral,No,,Agree,Mixed options,,Yes,Trivia or theme days,,,Agree,Events,,TRUE,10,TRUE,Regular weekly visitor,FALSE,TRUE,TRUE,FALSE,FALSE,FALSE,FALSE,FALSE,FALSE
2026-04-16 12:11:18,2026-04-16 12:14:28,100,190,True,2026-04-16 12:14:28,R_3k1i8Cl5B1K6695,anonymous,EN,1,complete,,Yes,3-4 times/week,Neutral,No,Maybe events held here. All of the staff are very kind and friendly.,Neutral,Mixed options,,Not sure,Daily/weekly challenges,,Snacks,Neutral,Events,N/A,TRUE,10,TRUE,Regular weekly visitor,FALSE,FALSE,FALSE,FALSE,TRUE,FALSE,FALSE,FALSE,FALSE
2026-04-16 12:14:57,2026-04-16 12:16:30,100,92,True,2026-04-16 12:16:30,R_5lGpT1mWapPduvC,anonymous,EN,1,complete,,No,3-4 times/week,Neutral,"Not yet, but I would like to",,Disagree,Mixed options,,Yes,Trivia or theme days,,,Disagree,Table cards,,TRUE,10,TRUE,Regular weekly visitor,FALSE,FALSE,FALSE,FALSE,FALSE,FALSE,FALSE,FALSE,FALSE
2026-04-16 12:48:49,2026-04-16 12:51:58,100,188,True,2026-04-16 12:51:59,R_7LFK7Ute2UckF0J,anonymous,EN,1,complete,,Yes,Occasionally,Neutral,No,Different areas allocated for socialization. Or more food-themed events,Agree,Mixed options,,Yes,Conversation prompts,,If we shared something similar or they were willing to talk to me.,Agree,Digital screens,A lounge area that can be optimized for resting,TRUE,10,FALSE,Occasional visitor,FALSE,TRUE,TRUE,FALSE,TRUE,TRUE,FALSE,FALSE,FALSE
2026-04-16 12:54:01,2026-04-16 12:55:34,100,92,True,2026-04-16 12:55:34,R_6OfvslzBDJQind2,anonymous,EN,1,complete,,,,,,,,,,,,,,,,,TRUE,0,,,,,,FALSE,FALSE,FALSE,FALSE,FALSE,FALSE
2026-04-16 13:08:28,2026-04-16 13:11:55,100,207,True,2026-04-16 13:11:55,R_7cXJRtaisz4254W,anonymous,EN,1,complete,,Yes,Daily,Strongly agree,"Not yet, but I would like to",Maybe having more tables or even puff chairs would be nice,Neutral,Mixed options,,Yes,Conversation prompts,,"Knowing that we have shared interests, like hobbies, movies, etc",Agree,Events,Destress,TRUE,10,TRUE,Regular weekly visitor,TRUE,FALSE,TRUE,TRUE,FALSE,FALSE,FALSE,FALSE,FALSE
2026-04-17 08:00:05,2026-04-17 08:03:17,100,192,True,2026-04-17 08:03:17,R_1Ijg31e1gAFTTfQ,anonymous,EN,1,complete,,No,3-4 times/week,Agree,No,More single person tables! There is never enough room ):,Neutral,Other:,"More single person tables, many times it ends up being 1 person per table",No,None,,Nothing. I come here to relax and be in a quieter space than the dining halls,Agree,Table cards,More tables,TRUE,10,TRUE,Regular weekly visitor,TRUE,FALSE,TRUE,TRUE,FALSE,FALSE,TRUE,FALSE,FALSE
2026-04-17 08:00:03,2026-04-17 08:09:10,100,547,True,2026-04-17 08:09:11,R_7kvn4hCn80ThmVK,anonymous,EN,1,complete,,No,1-2 times/week,Agree,No,Menus with nutrition facts. Like a calorie estimate. I don’t know if you guys already have it on social media but of course not everyone has social media. Maybe on the boards that you guys have the menus. I apologize if you already do that. Maybe the print is too small,Neutral,Lounge seating,,Yes,Daily/weekly challenges,,Activated with prizes. Example: a themed event and those who participate get a free side with their meal that day. You can limit how many people if you’re not comfortable giving away too many free items,Strongly agree,QR codes,"Good guides. Like how to make smoothies, and food awareness. Especially for those who live in spaces with kitchens.",TRUE,10,TRUE,Regular weekly visitor,TRUE,FALSE,TRUE,TRUE,TRUE,TRUE,FALSE,FALSE,TRUE
2026-04-17 08:10:23,2026-04-17 08:12:38,100,134,True,2026-04-17 08:12:39,R_1uK7UgYbB2ipYUV,anonymous,EN,1,complete,,No,3-4 times/week,Neutral,Yes,More seating (outdoors too),Strongly agree,Round tables,,No,Trivia or theme days,,Harvest IFNH dinners,Agree,Table cards,CAPS,TRUE,10,TRUE,Regular weekly visitor,FALSE,TRUE,TRUE,TRUE,FALSE,TRUE,FALSE,TRUE,FALSE
2026-04-17 08:54:28,2026-04-17 08:56:30,100,122,True,2026-04-17 08:56:30,R_5pak6hQd5SYuJt7,anonymous,EN,1,complete,,Not sure,3-4 times/week,Neutral,Yes,,Neutral,Mixed options,,Not sure,None,,,Agree,Events,,TRUE,10,TRUE,Regular weekly visitor,FALSE,FALSE,TRUE,FALSE,FALSE,FALSE,FALSE,FALSE,FALSE
2026-04-10 10:15:35,2026-04-10 10:19:12,79,216,False,2026-04-17 10:19:22,R_1oLALSDISa68tD2,anonymous,EN,1,complete,,Not sure,Occasionally,Neutral,Yes,,Neutral,Mixed options,,Yes,Trivia or theme days,,,,,,FALSE,8,FALSE,Occasional visitor,FALSE,FALSE,,FALSE,FALSE,FALSE,FALSE,FALSE,FALSE
2026-04-20 07:52:38,2026-04-20 07:55:50,100,191,True,2026-04-20 07:55:50,R_7k09TsRZySoENTK,anonymous,EN,1,complete,,Not sure,Occasionally,Agree,Yes,Honestly it rocks here It's good,Agree,Mixed options,,Not sure,Other:,All of the above except trivia,"Probably if it's full and I have to share a table with someone. Or seeing a classmate, which is easy with the layout",Agree,QR codes,"Im not sure, I just like seeing anything",TRUE,10,FALSE,Occasional visitor,TRUE,TRUE,TRUE,TRUE,TRUE,FALSE,FALSE,FALSE,FALSE
2026-04-20 08:05:26,2026-04-20 08:07:07,100,100,True,2026-04-20 08:07:07,R_5n6ChrtuZfuzDon,anonymous,EN,1,complete,,Yes,3-4 times/week,Agree,Yes,,Agree,Lounge seating,,Yes,Creative prompts,,,Agree,Table cards,,TRUE,10,TRUE,Regular weekly visitor,TRUE,TRUE,TRUE,FALSE,FALSE,FALSE,FALSE,FALSE,FALSE
2026-04-20 10:07:16,2026-04-20 10:08:45,100,89,True,2026-04-20 10:08:46,R_68Izg7x4D8XCXCN,anonymous,EN,1,complete,,Yes,1-2 times/week,Neutral,No,,Agree,Mixed options,,Not sure,Daily/weekly challenges,,,Agree,Table cards,,TRUE,10,TRUE,Regular weekly visitor,FALSE,TRUE,TRUE,FALSE,FALSE,FALSE,FALSE,FALSE,FALSE
2026-04-20 10:31:48,2026-04-20 10:32:57,100,69,True,2026-04-20 10:32:57,R_7pnXfxAA6nNeF75,anonymous,EN,1,complete,,Yes,Daily,Strongly agree,Yes,More seating,Neutral,Shared long tables,,No,Trivia or theme days,,,Agree,Events,,TRUE,10,TRUE,Regular weekly visitor,TRUE,FALSE,TRUE,TRUE,FALSE,FALSE,FALSE,FALSE,FALSE
2026-04-21 08:49:37,2026-04-21 08:55:19,100,341,True,2026-04-21 08:55:19,R_7TOM9HSXPi0HCGB,anonymous,EN,1,complete,,Yes,3-4 times/week,Agree,No,,Neutral,Mixed options,,Yes,Conversation prompts,,,Agree,Table cards,,TRUE,10,TRUE,Regular weekly visitor,TRUE,FALSE,TRUE,FALSE,FALSE,FALSE,FALSE,FALSE,FALSE
2026-04-21 10:21:33,2026-04-21 10:23:51,100,137,True,2026-04-21 10:23:51,R_1Orz9mFiD3PpIKM,anonymous,EN,1,complete,,Yes,1-2 times/week,Agree,"Not yet, but I would like to",More seating,Agree,Round tables,,Not sure,Trivia or theme days,,,Neutral,Table cards,,TRUE,10,TRUE,Regular weekly visitor,TRUE,TRUE,FALSE,TRUE,FALSE,FALSE,FALSE,FALSE,FALSE
2026-04-22 08:42:19,2026-04-22 08:43:36,100,77,True,2026-04-22 08:43:37,R_6Qtxp3uapuTSuo9,anonymous,EN,1,complete,,Yes,3-4 times/week,Agree,No,,Agree,Mixed options,,Not sure,Trivia or theme days,,,Agree,Digital screens,,TRUE,10,TRUE,Regular weekly visitor,TRUE,TRUE,TRUE,FALSE,FALSE,FALSE,FALSE,FALSE,FALSE
2026-04-23 08:32:12,2026-04-23 08:34:57,100,164,True,2026-04-23 08:34:58,R_5Cx12bFWKD7EOju,anonymous,EN,1,complete,,Yes,3-4 times/week,Strongly agree,"Not yet, but I would like to",MORE SEATS PLEASEEEEE,Neutral,Mixed options,,Not sure,Trivia or theme days,,Free food,Disagree,Table cards,,TRUE,10,TRUE,Regular weekly visitor,TRUE,FALSE,FALSE,TRUE,FALSE,TRUE,FALSE,FALSE,FALSE
2026-04-16 09:44:56,2026-04-16 09:45:10,43,13,False,2026-04-23 09:45:11,R_3BPe7MyptwDzLXh,anonymous,EN,1,complete,,Yes,3-4 times/week,Strongly agree,Yes,,,,,,,,,,,,FALSE,4,TRUE,Regular weekly visitor,TRUE,,,FALSE,FALSE,FALSE,FALSE,FALSE,FALSE
2026-04-16 09:43:28,2026-04-16 09:49:26,64,358,False,2026-04-23 09:50:09,R_32bf6ZDJ8rIewMQ,anonymous,EN,1,complete,,Yes,Occasionally,Agree,No,,Disagree,Mixed options,,Yes,,,,,,,FALSE,7,FALSE,Occasional visitor,TRUE,FALSE,,FALSE,FALSE,FALSE,FALSE,FALSE,FALSE
2026-04-23 10:55:04,2026-04-23 10:55:47,100,42,True,2026-04-23 10:55:48,R_6AuzYxgT5HjLugx,anonymous,EN,1,complete,,Not sure,1-2 times/week,Strongly agree,"Not yet, but I would like to",,Strongly agree,Mixed options,,Yes,Trivia or theme days,,,Agree,Digital screens,,TRUE,10,TRUE,Regular weekly visitor,TRUE,TRUE,TRUE,FALSE,FALSE,FALSE,FALSE,FALSE,FALSE
2026-04-23 11:25:56,2026-04-23 11:28:17,100,141,True,2026-04-23 11:28:18,R_32Ruy0ETwJMoASF,anonymous,EN,1,complete,,No,3-4 times/week,Agree,Yes,more seating and more outlets,Disagree,Mixed options,,No,Trivia or theme days,,,Neutral,Events,more jazz,TRUE,10,TRUE,Regular weekly visitor,TRUE,FALSE,FALSE,TRUE,FALSE,FALSE,FALSE,FALSE,FALSE
2026-04-24 07:34:53,2026-04-24 07:39:43,100,290,True,2026-04-24 07:39:44,R_7dvk1FHnKRUwOjU,anonymous,EN,0.699999988079071,complete,,No,1-2 times/week,Agree,No,NA,Agree,Mixed options,,Yes,Trivia or theme days,,"Themed group activities, cars games board games",Disagree,Table cards,NA,TRUE,10,TRUE,Regular weekly visitor,TRUE,TRUE,FALSE,FALSE,TRUE,FALSE,FALSE,FALSE,FALSE
2026-04-24 08:31:37,2026-04-24 08:38:24,100,406,True,2026-04-24 08:38:25,R_5FKesPDJcYBF4uR,anonymous,EN,1,complete,,No,3-4 times/week,Strongly agree,Yes,"Since a lot of people eat here, there could be more places to put food down. I see benches and chairs without something like a table.",Agree,Mixed options,,Not sure,Creative prompts,,"I see that they have similar interests with me, such as pins and stickers from a video game.",Strongly agree,QR codes,"None, I like the relaxed eating environment.",TRUE,10,TRUE,Regular weekly visitor,TRUE,TRUE,TRUE,TRUE,FALSE,TRUE,TRUE,FALSE,FALSE
2026-04-24 11:24:21,2026-04-24 11:27:11,100,169,True,2026-04-24 11:27:11,R_6kHtQJPGB4QiShR,anonymous,EN,1,complete,,Not sure,1-2 times/week,Strongly agree,Yes,"I love the fliers on the tables. I always find myself reading them while eating, and since I’m here by myself often, I enjoy taking the time to read while I eat. Perhaps a crossword puzzle or small game on the fliers for people to complete? But I love harvest and I think you guys are doing great things.",Strongly agree,Mixed options,,No,Resource bingo,,Not much!,Neutral,Events,,TRUE,10,TRUE,Regular weekly visitor,TRUE,TRUE,FALSE,TRUE,FALSE,TRUE,FALSE,FALSE,FALSE
2026-04-24 11:26:38,2026-04-24 11:28:13,100,95,True,2026-04-24 11:28:13,R_5K0UdhSKTyHPG9z,anonymous,EN,1,complete,,Not sure,3-4 times/week,Agree,"Not yet, but I would like to",I love the plant wall and the food,Agree,Mixed options,,Yes,None,,,Neutral,QR codes,,TRUE,10,TRUE,Regular weekly visitor,TRUE,TRUE,FALSE,FALSE,FALSE,TRUE,FALSE,FALSE,FALSE
2026-04-24 11:56:09,2026-04-24 11:57:21,100,72,True,2026-04-24 11:57:22,R_642wwX0jL3fBP2L,anonymous,EN,1,complete,,No,1-2 times/week,Agree,"Not yet, but I would like to",More tables and comfier seating,Disagree,Mixed options,,Yes,Creative prompts,,Better searing,Disagree,Table cards,,TRUE,10,TRUE,Regular weekly visitor,TRUE,FALSE,FALSE,TRUE,FALSE,FALSE,FALSE,FALSE,FALSE
2026-04-24 13:58:47,2026-04-24 14:00:53,100,126,True,2026-04-24 14:00:54,R_7dxY9slBRoHNLBp,anonymous,EN,1,complete,,Not sure,Occasionally,Agree,No,Please make the hours for Harvest longer so we may enjoy the food more.,Agree,Lounge seating,,Yes,Creative prompts,,"Something calming, non competitive, and creative",Neutral,QR codes,the food and the events planned,TRUE,10,FALSE,Occasional visitor,TRUE,TRUE,FALSE,FALSE,TRUE,TRUE,TRUE,FALSE,TRUE
2026-04-24 14:38:44,2026-04-24 14:40:57,100,133,True,2026-04-24 14:40:58,R_1IadohxIRY0NIk4,anonymous,EN,1,complete,,Yes,Occasionally,Strongly agree,Yes,The people working here actually doing their job,Strongly agree,Round tables,,Yes,Creative prompts,,Events,Strongly agree,Digital screens,,TRUE,10,FALSE,Occasional visitor,TRUE,TRUE,TRUE,FALSE,TRUE,FALSE,FALSE,FALSE,FALSE
2026-04-24 14:39:06,2026-04-24 14:42:36,100,209,True,2026-04-24 14:42:36,R_1SIY7uRyvbwKB4l,anonymous,EN,1,complete,,Yes,Occasionally,Strongly agree,Yes,More events and resourced in the evenings.,Strongly agree,Mixed options,,Yes,Creative prompts,,Social and creative events,Strongly agree,Events,,TRUE,10,FALSE,Occasional visitor,TRUE,TRUE,TRUE,FALSE,TRUE,FALSE,FALSE,FALSE,TRUE
2026-04-24 16:18:00,2026-04-24 16:18:49,100,49,True,2026-04-24 16:18:49,R_6S94fuKwO3mQUxe,anonymous,EN,1,complete,,Yes,3-4 times/week,Agree,Yes,More events,Agree,Shared long tables,,Yes,Daily/weekly challenges,,,Agree,Table cards,,TRUE,10,TRUE,Regular weekly visitor,TRUE,TRUE,TRUE,FALSE,TRUE,FALSE,FALSE,FALSE,FALSE
2026-04-24 18:03:11,2026-04-24 18:06:42,100,211,True,2026-04-24 18:06:43,R_19zGEFdWGAZTQUp,anonymous,EN,0.8999999761581421,complete,,Not sure,1-2 times/week,Strongly agree,"Not yet, but I would like to","Change all four-person tables to two-person tables. Most people come individually, so the four-person tables take up space. If there’s a bigger group, they can push the tables together. Or, just generally, lower the amount of four-person tables.",Neutral,Round tables,,No,Conversation prompts,,,Agree,Table cards,,TRUE,10,TRUE,Regular weekly visitor,TRUE,FALSE,TRUE,TRUE,FALSE,FALSE,FALSE,FALSE,FALSE
2026-04-20 11:17:21,2026-04-20 11:18:12,79,50,False,2026-04-27 11:23:47,R_1jecNy0RTSzAc1F,anonymous,EN,1,complete,,Yes,Occasionally,Agree,No,,Agree,Mixed options,,Yes,Daily/weekly challenges,,,,,,FALSE,8,FALSE,Occasional visitor,TRUE,TRUE,,FALSE,FALSE,FALSE,FALSE,FALSE,FALSE
2026-04-22 07:22:14,2026-04-22 07:22:58,43,43,False,2026-04-29 07:23:01,R_7nTxkBr3bTp0Yjg,anonymous,EN,1,complete,,No,3-4 times/week,Strongly agree,No,,,,,,,,,,,,FALSE,4,TRUE,Regular weekly visitor,TRUE,,,FALSE,FALSE,FALSE,FALSE,FALSE,FALSE
2026-04-29 10:05:21,2026-04-29 10:08:56,100,215,True,2026-04-29 10:08:57,R_1Y5QHIYJiE4KL06,anonymous,EN,1,complete,,Yes,1-2 times/week,Agree,"Not yet, but I would like to","I think this space is already welcoming, maybe designated conversation tables? But students might not participate anyways. After hours events like speed dating/friend meeting could be a cool event too, especially with food or another incentive.",Agree,Mixed options,,Not sure,Trivia or theme days,,A designated headphones off area?,Agree,Digital screens,Wellness and other activities on campus nearby,TRUE,10,TRUE,Regular weekly visitor,TRUE,TRUE,TRUE,TRUE,TRUE,TRUE,FALSE,TRUE,TRUE
2026-04-30 09:18:59,2026-04-30 09:20:11,100,71,True,2026-04-30 09:20:11,R_10SHXhC2s4qtyEx,anonymous,EN,1,complete,,Not sure,3-4 times/week,Neutral,No,,Neutral,Mixed options,,Yes,Creative prompts,,,Neutral,Events,,TRUE,10,TRUE,Regular weekly visitor,FALSE,FALSE,FALSE,FALSE,FALSE,FALSE,FALSE,FALSE,FALSE
2026-04-30 09:34:23,2026-04-30 09:36:49,100,146,True,2026-04-30 09:36:50,R_7dnoAyeq6ty3Yb0,anonymous,EN,1,complete,,Yes,Occasionally,Neutral,"Not yet, but I would like to",,Agree,Mixed options,,Yes,Daily/weekly challenges,,,Agree,Peer ambassadors,,TRUE,10,FALSE,Occasional visitor,FALSE,TRUE,TRUE,FALSE,FALSE,FALSE,FALSE,FALSE,FALSE
2026-04-30 09:38:47,2026-04-30 09:39:40,100,52,True,2026-04-30 09:39:40,R_5duftKiWdI9HM7D,anonymous,EN,1,complete,,No,Occasionally,Agree,No,,Agree,Mixed options,,Yes,Creative prompts,,,Disagree,QR codes,,TRUE,10,FALSE,Occasional visitor,TRUE,TRUE,FALSE,FALSE,FALSE,FALSE,FALSE,FALSE,FALSE
2026-04-30 10:26:18,2026-04-30 10:27:09,100,50,True,2026-04-30 10:27:09,R_70wAKrW1dVjLb91,anonymous,EN,1,complete,,Yes,3-4 times/week,Agree,No,kettle corn at harvest,Agree,Mixed options,,Not sure,Trivia or theme days,,not sure,Agree,Events,not sure,TRUE,10,TRUE,Regular weekly visitor,TRUE,TRUE,TRUE,FALSE,FALSE,TRUE,FALSE,FALSE,FALSE
2026-04-30 10:25:53,2026-04-30 10:31:24,100,331,True,2026-04-30 10:31:25,R_5gIQv22EnIQoJjO,anonymous,EN,1,complete,,No,1-2 times/week,Strongly agree,"Not yet, but I would like to",,Neutral,Mixed options,,Not sure,Trivia or theme days,,,Agree,Events,,TRUE,10,TRUE,Regular weekly visitor,TRUE,FALSE,TRUE,FALSE,FALSE,FALSE,FALSE,FALSE,FALSE
2026-05-01 09:39:31,2026-05-01 09:42:30,100,178,True,2026-05-01 09:42:30,R_5A1mPTctebgxu92,anonymous,EN,1,complete,,Yes,Occasionally,Neutral,"Not yet, but I would like to",,Agree,Shared long tables,,Yes,Resource bingo,,,Agree,Digital screens,,TRUE,10,FALSE,Occasional visitor,FALSE,TRUE,TRUE,FALSE,FALSE,FALSE,FALSE,FALSE,FALSE
2026-05-01 09:24:52,2026-05-01 09:44:06,100,1154,True,2026-05-01 09:44:07,R_3PySoVQUyn6NI27,anonymous,EN,1,complete,,Yes,Occasionally,Neutral,"Not yet, but I would like to",,Neutral,Mixed options,,Yes,Creative prompts,,,Agree,Table cards,,TRUE,10,FALSE,Occasional visitor,FALSE,FALSE,TRUE,FALSE,FALSE,FALSE,FALSE,FALSE,FALSE
2026-05-01 10:02:23,2026-05-01 10:03:47,100,83,True,2026-05-01 10:03:47,R_6uxMLbqqQKQlfga,anonymous,EN,1,complete,,Yes,3-4 times/week,Strongly agree,Yes,More seating!!,Strongly agree,Mixed options,,Yes,Trivia or theme days,,,Strongly agree,Events,,TRUE,10,TRUE,Regular weekly visitor,TRUE,TRUE,TRUE,TRUE,FALSE,FALSE,FALSE,FALSE,FALSE
2026-05-01 10:03:44,2026-05-01 10:05:26,100,102,True,2026-05-01 10:05:27,R_3i3V4ZtrY0RwxY1,anonymous,EN,1,complete,,No,Daily,Strongly agree,No,,Agree,Mixed options,,Yes,Daily/weekly challenges,,,Agree,Events,,TRUE,10,TRUE,Regular weekly visitor,TRUE,TRUE,TRUE,FALSE,FALSE,FALSE,FALSE,FALSE,FALSE
2026-05-01 10:02:26,2026-05-01 10:06:27,100,240,True,2026-05-01 10:06:28,R_1iYkB50W90gsV9v,anonymous,EN,1,complete,,Not sure,1-2 times/week,Agree,No,,Agree,Mixed options,,Not sure,Other:,conversation prompts and daily/weekly challenges,,Neutral,Digital screens,,TRUE,10,TRUE,Regular weekly visitor,TRUE,TRUE,FALSE,FALSE,TRUE,FALSE,FALSE,FALSE,FALSE
2026-05-01 10:02:24,2026-05-01 10:06:27,100,243,True,2026-05-01 10:06:28,R_7CvRsFrlHwgjur9,anonymous,EN,1,complete,,Not sure,1-2 times/week,Agree,No,,Agree,Mixed options,,Not sure,Daily/weekly challenges,,"Vibe, similar interest, style",Neutral,Table cards,,TRUE,10,TRUE,Regular weekly visitor,TRUE,TRUE,FALSE,FALSE,FALSE,FALSE,FALSE,FALSE,FALSE
2026-05-01 10:33:36,2026-05-01 10:36:54,100,198,True,2026-05-01 10:36:54,R_7tX1RfWoZM52dsl,anonymous,EN,1,complete,,No,Occasionally,Neutral,No,"More seating, maybe live performers",Agree,Mixed options,,Yes,Trivia or theme days,,,Disagree,Table cards,,TRUE,10,FALSE,Occasional visitor,FALSE,TRUE,FALSE,TRUE,FALSE,FALSE,FALSE,FALSE,FALSE
2026-05-01 10:44:09,2026-05-01 10:59:03,100,894,True,2026-05-01 10:59:04,R_3CQxpugccVRNOtB,anonymous,EN,0.8999999761581421,complete,,No,3-4 times/week,Neutral,No,N/a,Agree,Shared long tables,,Yes,None,,,Neutral,QR codes,,TRUE,10,TRUE,Regular weekly visitor,FALSE,TRUE,FALSE,FALSE,FALSE,FALSE,FALSE,FALSE,FALSE
2026-05-05 12:31:29,2026-05-05 12:32:56,100,87,True,2026-05-05 12:32:57,R_10faay1zPnoFoMA,anonymous,EN,1,complete,,No,1-2 times/week,Strongly agree,Yes,"More tabling from Scarlet Well that seems accessible to students, like putting it in that long table in front of the registers at Harvest instead of by the Classroom",Agree,Mixed options,,Yes,Trivia or theme days,,Activity,Agree,Digital screens,peer ambassador,TRUE,10,TRUE,Regular weekly visitor,TRUE,TRUE,TRUE,TRUE,TRUE,TRUE,FALSE,FALSE,FALSE
2026-05-07 11:54:08,2026-05-07 11:54:59,100,50,True,2026-05-07 11:55:00,R_1m30ZI12Qspt1dz,anonymous,EN,1,complete,,Yes,Occasionally,Neutral,No,,Agree,Mixed options,,Yes,Conversation prompts,,,Agree,Table cards,,TRUE,10,FALSE,Occasional visitor,FALSE,TRUE,TRUE,FALSE,FALSE,FALSE,FALSE,FALSE,FALSE
